{"cameraMode":{"drawMode":0,"name":"Shaded","section":"Shading Mode"},"sceneLighting":true,"audioPlay":false,"sceneViewState":{"m_AlwaysRefresh":false,"showFog":true,"showSkybox":true,"showFlares":true,"showImageEffects":true,"showParticleSystems":true,"showVisualEffectGraphs":true,"m_FxEnabled":true},"in2DMode":false,"pivot":{"x":-1.5079936981201172,"y":-1.4807324409484864,"z":-3.6805977821350099},"rotation":{"x":0.07724937796592713,"y":-0.8978164792060852,"z":0.17482209205627442,"w":0.39675745368003847},"size":9.698275566101075,"orthographic":false}